"filename", "language", "JSON", "JavaScript", "Markdown", "JSON with Comments", "HTML", "Vue", "CSS", "comment", "blank", "total"
"d:\WH_flower_management\README.md", "Markdown", 0, 0, 19, 0, 0, 0, 0, 0, 6, 25
"d:\WH_flower_management\babel.config.js", "JavaScript", 0, 5, 0, 0, 0, 0, 0, 0, 1, 6
"d:\WH_flower_management\jsconfig.json", "JSON with Comments", 0, 0, 0, 8, 0, 0, 0, 12, 0, 20
"d:\WH_flower_management\mapConfig.js", "JavaScript", 0, 3, 0, 0, 0, 0, 0, 0, 1, 4
"d:\WH_flower_management\package-lock.json", "JSON", 13030, 0, 0, 0, 0, 0, 0, 0, 1, 13031
"d:\WH_flower_management\package.json", "JSON", 69, 0, 0, 0, 0, 0, 0, 0, 1, 70
"d:\WH_flower_management\public\index.html", "HTML", 0, 0, 0, 0, 41, 0, 0, 1, 6, 48
"d:\WH_flower_management\public\tinymce\langs\zh-Hans.js", "JavaScript", 0, 1, 0, 0, 0, 0, 0, 0, 0, 1
"d:\WH_flower_management\public\tinymce\skins\content\dark\content.css", "CSS", 0, 0, 0, 0, 0, 0, 59, 13, 1, 73
"d:\WH_flower_management\public\tinymce\skins\content\dark\content.min.css", "CSS", 0, 0, 0, 0, 0, 0, 1, 6, 1, 8
"d:\WH_flower_management\public\tinymce\skins\content\default\content.css", "CSS", 0, 0, 0, 0, 0, 0, 54, 13, 1, 68
"d:\WH_flower_management\public\tinymce\skins\content\default\content.min.css", "CSS", 0, 0, 0, 0, 0, 0, 1, 6, 1, 8
"d:\WH_flower_management\public\tinymce\skins\content\document\content.css", "CSS", 0, 0, 0, 0, 0, 0, 59, 13, 1, 73
"d:\WH_flower_management\public\tinymce\skins\content\document\content.min.css", "CSS", 0, 0, 0, 0, 0, 0, 1, 6, 1, 8
"d:\WH_flower_management\public\tinymce\skins\content\writer\content.css", "CSS", 0, 0, 0, 0, 0, 0, 55, 13, 1, 69
"d:\WH_flower_management\public\tinymce\skins\content\writer\content.min.css", "CSS", 0, 0, 0, 0, 0, 0, 1, 6, 1, 8
"d:\WH_flower_management\public\tinymce\skins\ui\oxide-dark\content.css", "CSS", 0, 0, 0, 0, 0, 0, 697, 17, 1, 715
"d:\WH_flower_management\public\tinymce\skins\ui\oxide-dark\content.inline.css", "CSS", 0, 0, 0, 0, 0, 0, 710, 16, 1, 727
"d:\WH_flower_management\public\tinymce\skins\ui\oxide-dark\content.inline.min.css", "CSS", 0, 0, 0, 0, 0, 0, 1, 6, 1, 8
"d:\WH_flower_management\public\tinymce\skins\ui\oxide-dark\content.min.css", "CSS", 0, 0, 0, 0, 0, 0, 1, 6, 1, 8
"d:\WH_flower_management\public\tinymce\skins\ui\oxide-dark\content.mobile.css", "CSS", 0, 0, 0, 0, 0, 0, 21, 8, 1, 30
"d:\WH_flower_management\public\tinymce\skins\ui\oxide-dark\content.mobile.min.css", "CSS", 0, 0, 0, 0, 0, 0, 1, 6, 1, 8
"d:\WH_flower_management\public\tinymce\skins\ui\oxide-dark\skin.css", "CSS", 0, 0, 0, 0, 0, 0, 3025, 22, 1, 3048
"d:\WH_flower_management\public\tinymce\skins\ui\oxide-dark\skin.min.css", "CSS", 0, 0, 0, 0, 0, 0, 1, 6, 1, 8
"d:\WH_flower_management\public\tinymce\skins\ui\oxide-dark\skin.mobile.css", "CSS", 0, 0, 0, 0, 0, 0, 643, 30, 1, 674
"d:\WH_flower_management\public\tinymce\skins\ui\oxide-dark\skin.mobile.min.css", "CSS", 0, 0, 0, 0, 0, 0, 1, 6, 1, 8
"d:\WH_flower_management\public\tinymce\skins\ui\oxide-dark\skin.shadowdom.css", "CSS", 0, 0, 0, 0, 0, 0, 31, 6, 1, 38
"d:\WH_flower_management\public\tinymce\skins\ui\oxide-dark\skin.shadowdom.min.css", "CSS", 0, 0, 0, 0, 0, 0, 1, 6, 1, 8
"d:\WH_flower_management\public\tinymce\skins\ui\oxide\content.css", "CSS", 0, 0, 0, 0, 0, 0, 716, 16, 1, 733
"d:\WH_flower_management\public\tinymce\skins\ui\oxide\content.inline.css", "CSS", 0, 0, 0, 0, 0, 0, 710, 16, 1, 727
"d:\WH_flower_management\public\tinymce\skins\ui\oxide\content.inline.min.css", "CSS", 0, 0, 0, 0, 0, 0, 1, 6, 1, 8
"d:\WH_flower_management\public\tinymce\skins\ui\oxide\content.min.css", "CSS", 0, 0, 0, 0, 0, 0, 1, 6, 1, 8
"d:\WH_flower_management\public\tinymce\skins\ui\oxide\content.mobile.css", "CSS", 0, 0, 0, 0, 0, 0, 21, 8, 1, 30
"d:\WH_flower_management\public\tinymce\skins\ui\oxide\content.mobile.min.css", "CSS", 0, 0, 0, 0, 0, 0, 1, 6, 1, 8
"d:\WH_flower_management\public\tinymce\skins\ui\oxide\skin.css", "CSS", 0, 0, 0, 0, 0, 0, 3025, 22, 1, 3048
"d:\WH_flower_management\public\tinymce\skins\ui\oxide\skin.min.css", "CSS", 0, 0, 0, 0, 0, 0, 1, 6, 1, 8
"d:\WH_flower_management\public\tinymce\skins\ui\oxide\skin.mobile.css", "CSS", 0, 0, 0, 0, 0, 0, 643, 30, 1, 674
"d:\WH_flower_management\public\tinymce\skins\ui\oxide\skin.mobile.min.css", "CSS", 0, 0, 0, 0, 0, 0, 1, 6, 1, 8
"d:\WH_flower_management\public\tinymce\skins\ui\oxide\skin.shadowdom.css", "CSS", 0, 0, 0, 0, 0, 0, 31, 6, 1, 38
"d:\WH_flower_management\public\tinymce\skins\ui\oxide\skin.shadowdom.min.css", "CSS", 0, 0, 0, 0, 0, 0, 1, 6, 1, 8
"d:\WH_flower_management\src\App.vue", "Vue", 0, 0, 0, 0, 0, 16, 0, 0, 3, 19
"d:\WH_flower_management\src\components\AvatarUpload.vue", "Vue", 0, 0, 0, 0, 0, 236, 0, 8, 9, 253
"d:\WH_flower_management\src\components\Header.vue", "Vue", 0, 0, 0, 0, 0, 74, 0, 0, 8, 82
"d:\WH_flower_management\src\components\Heart.vue", "Vue", 0, 0, 0, 0, 0, 145, 0, 17, 14, 176
"d:\WH_flower_management\src\components\ImageUpload.vue", "Vue", 0, 0, 0, 0, 0, 246, 0, 7, 10, 263
"d:\WH_flower_management\src\components\tinymce\oss.js", "JavaScript", 0, 7, 0, 0, 0, 0, 0, 0, 1, 8
"d:\WH_flower_management\src\components\tinymce\tinymce-editor.vue", "Vue", 0, 0, 0, 0, 0, 106, 0, 8, 4, 118
"d:\WH_flower_management\src\main.js", "JavaScript", 0, 19, 0, 0, 0, 0, 0, 0, 4, 23
"d:\WH_flower_management\src\requests\axios.js", "JavaScript", 0, 13, 0, 0, 0, 0, 0, 0, 0, 13
"d:\WH_flower_management\src\router\index.js", "JavaScript", 0, 72, 0, 0, 0, 0, 0, 0, 4, 76
"d:\WH_flower_management\src\store\index.js", "JavaScript", 0, 22, 0, 0, 0, 0, 0, 0, 3, 25
"d:\WH_flower_management\src\utils\clipboard.js", "JavaScript", 0, 29, 0, 0, 0, 0, 0, 0, 4, 33
"d:\WH_flower_management\src\utils\oss.js", "JavaScript", 0, 38, 0, 0, 0, 0, 0, 10, 1, 49
"d:\WH_flower_management\src\utils\request.js", "JavaScript", 0, 0, 0, 0, 0, 0, 0, 0, 1, 1
"d:\WH_flower_management\src\views\AbstractTable\Edit.vue", "Vue", 0, 0, 0, 0, 0, 94, 0, 1, 8, 103
"d:\WH_flower_management\src\views\AbstractTable\index.vue", "Vue", 0, 0, 0, 0, 0, 96, 0, 1, 6, 103
"d:\WH_flower_management\src\views\AbstractView.vue", "Vue", 0, 0, 0, 0, 0, 209, 0, 3, 28, 240
"d:\WH_flower_management\src\views\AddPoint.vue", "Vue", 0, 0, 0, 0, 0, 185, 0, 0, 18, 203
"d:\WH_flower_management\src\views\HomeView.vue", "Vue", 0, 0, 0, 0, 0, 163, 0, 0, 19, 182
"d:\WH_flower_management\src\views\PointTable\Detail.vue", "Vue", 0, 0, 0, 0, 0, 93, 0, 0, 7, 100
"d:\WH_flower_management\src\views\PointTable\Edit.vue", "Vue", 0, 0, 0, 0, 0, 198, 0, 0, 18, 216
"d:\WH_flower_management\src\views\PointTable\index.vue", "Vue", 0, 0, 0, 0, 0, 115, 0, 1, 6, 122
"d:\WH_flower_management\src\views\UserTable\Detail.vue", "Vue", 0, 0, 0, 0, 0, 77, 0, 0, 8, 85
"d:\WH_flower_management\src\views\UserTable\Edit.vue", "Vue", 0, 0, 0, 0, 0, 249, 0, 0, 14, 263
"d:\WH_flower_management\src\views\UserTable\index.vue", "Vue", 0, 0, 0, 0, 0, 108, 0, 1, 8, 117
"d:\WH_flower_management\vue.config.js", "JavaScript", 0, 8, 0, 0, 0, 0, 0, 0, 2, 10
"Total", "-", 13099, 217, 19, 8, 41, 2410, 10516, 415, 256, 26981